,cat,video
0,changing_tire,changing_tire_0037
1,changing_tire,changing_tire_0001
2,changing_tire,changing_tire_0036
3,changing_tire,changing_tire_0038
4,changing_tire,changing_tire_0003
5,changing_tire,changing_tire_0039
6,changing_tire,changing_tire_0004
7,changing_tire,changing_tire_0040
8,changing_tire,changing_tire_0005
9,changing_tire,changing_tire_0041
10,changing_tire,changing_tire_0006
11,changing_tire,changing_tire_0045
12,changing_tire,changing_tire_0007
13,changing_tire,changing_tire_0046
14,changing_tire,changing_tire_0008
15,changing_tire,changing_tire_0048
16,changing_tire,changing_tire_0049
17,changing_tire,changing_tire_0050
18,changing_tire,changing_tire_0012
19,changing_tire,changing_tire_0051
20,changing_tire,changing_tire_0052
21,changing_tire,changing_tire_0014
22,changing_tire,changing_tire_0053
23,changing_tire,changing_tire_0015
24,changing_tire,changing_tire_0054
25,changing_tire,changing_tire_0016
26,changing_tire,changing_tire_0055
27,changing_tire,changing_tire_0017
28,changing_tire,changing_tire_0018
29,changing_tire,changing_tire_0021
30,changing_tire,changing_tire_0022
31,changing_tire,changing_tire_0030
32,changing_tire,changing_tire_0010
33,changing_tire,changing_tire_0026
34,changing_tire,changing_tire_0027
35,changing_tire,changing_tire_0029
36,changing_tire,changing_tire_0024
37,changing_tire,changing_tire_0031
38,changing_tire,changing_tire_0032
39,changing_tire,changing_tire_0033
40,changing_tire,changing_tire_0034
41,changing_tire,changing_tire_0019
42,changing_tire,changing_tire_0042
43,changing_tire,changing_tire_0011
44,changing_tire,changing_tire_0044
45,chromecast,chromecast_0002
46,chromecast,chromecast_0003
47,chromecast,chromecast_0004
48,chromecast,chromecast_0005
49,chromecast,chromecast_0007
50,chromecast,chromecast_0009
51,chromecast,chromecast_0010
52,chromecast,chromecast_0011
53,chromecast,chromecast_0012
54,chromecast,chromecast_0013
55,chromecast,chromecast_0014
56,chromecast,chromecast_0015
57,chromecast,chromecast_0016
58,chromecast,chromecast_0017
59,chromecast,chromecast_0018
60,chromecast,chromecast_0021
61,chromecast,chromecast_0022
62,chromecast,chromecast_0023
63,chromecast,chromecast_0024
64,chromecast,chromecast_0026
65,chromecast,chromecast_0027
66,chromecast,chromecast_0028
67,chromecast,chromecast_0029
68,chromecast,chromecast_0030
69,chromecast,chromecast_0032
70,chromecast,chromecast_0033
71,chromecast,chromecast_0034
72,chromecast,chromecast_0035
73,chromecast,chromecast_0036
74,chromecast,chromecast_0037
75,chromecast,chromecast_0038
76,chromecast,chromecast_0040
77,chromecast,chromecast_0041
78,chromecast,chromecast_0043
79,chromecast,chromecast_0044
80,chromecast,chromecast_0046
81,chromecast,chromecast_0047
82,chromecast,chromecast_0048
83,chromecast,chromecast_0049
84,clarinet,clarinet_0001
85,clarinet,clarinet_0002
86,clarinet,clarinet_0003
87,clarinet,clarinet_0004
88,clarinet,clarinet_0005
89,clarinet,clarinet_0006
90,clarinet,clarinet_0007
91,clarinet,clarinet_0008
92,clarinet,clarinet_0010
93,clarinet,clarinet_0011
94,clarinet,clarinet_0012
95,clarinet,clarinet_0013
96,clarinet,clarinet_0014
97,clarinet,clarinet_0015
98,clarinet,clarinet_0016
99,clarinet,clarinet_0017
100,clarinet,clarinet_0018
101,clarinet,clarinet_0019
102,clarinet,clarinet_0020
103,clarinet,clarinet_0021
104,clarinet,clarinet_0023
105,clarinet,clarinet_0024
106,clarinet,clarinet_0025
107,clarinet,clarinet_0026
108,clarinet,clarinet_0027
109,clarinet,clarinet_0028
110,clarinet,clarinet_0029
111,clarinet,clarinet_0030
112,clarinet,clarinet_0031
113,clarinet,clarinet_0032
114,clarinet,clarinet_0033
115,clarinet,clarinet_0034
116,clarinet,clarinet_0035
117,clarinet,clarinet_0037
118,clarinet,clarinet_0038
119,clarinet,clarinet_0040
120,clarinet,clarinet_0042
121,clarinet,clarinet_0043
122,clarinet,clarinet_0046
123,clarinet,clarinet_0047
124,clarinet,clarinet_0048
125,clarinet,clarinet_0050
126,clarinet,clarinet_0052
127,clarinet,clarinet_0053
128,clarinet,clarinet_0054
129,clarinet,clarinet_0056
130,clarinet,clarinet_0057
131,clarinet,clarinet_0058
132,clarinet,clarinet_0059
133,clarinet,clarinet_0060
134,coffee,coffee_0043
135,coffee,coffee_0001
136,coffee,coffee_0042
137,coffee,coffee_0002
138,coffee,coffee_0044
139,coffee,coffee_0003
140,coffee,coffee_0045
141,coffee,coffee_0004
142,coffee,coffee_0005
143,coffee,coffee_0051
144,coffee,coffee_0052
145,coffee,coffee_0007
146,coffee,coffee_0008
147,coffee,coffee_0054
148,coffee,coffee_0009
149,coffee,coffee_0055
150,coffee,coffee_0010
151,coffee,coffee_0056
152,coffee,coffee_0011
153,coffee,coffee_0057
154,coffee,coffee_0012
155,coffee,coffee_0058
156,coffee,coffee_0059
157,coffee,coffee_0060
158,coffee,coffee_0015
159,coffee,coffee_0016
160,coffee,coffee_0017
161,coffee,coffee_0018
162,coffee,coffee_0019
163,coffee,coffee_0020
164,coffee,coffee_0021
165,coffee,coffee_0022
166,coffee,coffee_0023
167,coffee,coffee_0024
168,coffee,coffee_0025
169,coffee,coffee_0026
170,coffee,coffee_0027
171,coffee,coffee_0028
172,coffee,coffee_0029
173,coffee,coffee_0032
174,coffee,coffee_0034
175,coffee,coffee_0036
176,coffee,coffee_0037
177,coffee,coffee_0038
178,coffee,coffee_0039
179,coffee,coffee_0040
180,coffee,coffee_0041
181,coffee,coffee_0046
182,coffee,coffee_0047
183,coffee,coffee_0048
184,cpr,cpr_0043
185,cpr,cpr_0001
186,cpr,cpr_0042
187,cpr,cpr_0002
188,cpr,cpr_0044
189,cpr,cpr_0003
190,cpr,cpr_0004
191,cpr,cpr_0050
192,cpr,cpr_0005
193,cpr,cpr_0051
194,cpr,cpr_0006
195,cpr,cpr_0052
196,cpr,cpr_0007
197,cpr,cpr_0053
198,cpr,cpr_0008
199,cpr,cpr_0054
200,cpr,cpr_0009
201,cpr,cpr_0055
202,cpr,cpr_0010
203,cpr,cpr_0011
204,cpr,cpr_0057
205,cpr,cpr_0058
206,cpr,cpr_0013
207,cpr,cpr_0015
208,cpr,cpr_0016
209,cpr,cpr_0017
210,cpr,cpr_0020
211,cpr,cpr_0021
212,cpr,cpr_0022
213,cpr,cpr_0023
214,cpr,cpr_0024
215,cpr,cpr_0025
216,cpr,cpr_0026
217,cpr,cpr_0027
218,cpr,cpr_0028
219,cpr,cpr_0029
220,cpr,cpr_0030
221,cpr,cpr_0032
222,cpr,cpr_0033
223,cpr,cpr_0034
224,cpr,cpr_0036
225,cpr,cpr_0037
226,cpr,cpr_0038
227,cpr,cpr_0039
228,cpr,cpr_0040
229,cpr,cpr_0041
230,cpr,cpr_0047
231,cpr,cpr_0049
232,jump_car,jump_car_0037
233,jump_car,jump_car_0001
234,jump_car,jump_car_0036
235,jump_car,jump_car_0002
236,jump_car,jump_car_0038
237,jump_car,jump_car_0003
238,jump_car,jump_car_0039
239,jump_car,jump_car_0004
240,jump_car,jump_car_0040
241,jump_car,jump_car_0005
242,jump_car,jump_car_0041
243,jump_car,jump_car_0006
244,jump_car,jump_car_0007
245,jump_car,jump_car_0008
246,jump_car,jump_car_0009
247,jump_car,jump_car_0048
248,jump_car,jump_car_0049
249,jump_car,jump_car_0011
250,jump_car,jump_car_0050
251,jump_car,jump_car_0012
252,jump_car,jump_car_0051
253,jump_car,jump_car_0013
254,jump_car,jump_car_0053
255,jump_car,jump_car_0015
256,jump_car,jump_car_0054
257,jump_car,jump_car_0016
258,jump_car,jump_car_0055
259,jump_car,jump_car_0017
260,jump_car,jump_car_0056
261,jump_car,jump_car_0018
262,jump_car,jump_car_0019
263,jump_car,jump_car_0058
264,jump_car,jump_car_0020
265,jump_car,jump_car_0059
266,jump_car,jump_car_0021
267,jump_car,jump_car_0022
268,jump_car,jump_car_0024
269,jump_car,jump_car_0025
270,jump_car,jump_car_0026
271,jump_car,jump_car_0027
272,jump_car,jump_car_0028
273,jump_car,jump_car_0029
274,jump_car,jump_car_0030
275,jump_car,jump_car_0031
276,jump_car,jump_car_0032
277,jump_car,jump_car_0033
278,jump_car,jump_car_0034
279,jump_car,jump_car_0042
280,jump_car,jump_car_0043
281,jump_car,jump_car_0044
282,pbj,pbj_0001
283,pbj,pbj_0002
284,pbj,pbj_0004
285,pbj,pbj_0005
286,pbj,pbj_0006
287,pbj,pbj_0007
288,pbj,pbj_0008
289,pbj,pbj_0009
290,pbj,pbj_0010
291,pbj,pbj_0011
292,pbj,pbj_0012
293,pbj,pbj_0013
294,pbj,pbj_0014
295,pbj,pbj_0015
296,pbj,pbj_0017
297,pbj,pbj_0018
298,pbj,pbj_0020
299,pbj,pbj_0021
300,pbj,pbj_0022
301,pbj,pbj_0023
302,pbj,pbj_0024
303,pbj,pbj_0025
304,pbj,pbj_0026
305,pbj,pbj_0027
306,pbj,pbj_0028
307,pbj,pbj_0030
308,pbj,pbj_0031
309,pbj,pbj_0032
310,pbj,pbj_0034
311,pbj,pbj_0036
312,pbj,pbj_0037
313,pbj,pbj_0038
314,pbj,pbj_0039
315,pbj,pbj_0040
316,pbj,pbj_0041
317,pbj,pbj_0042
318,pbj,pbj_0045
319,pbj,pbj_0046
320,pbj,pbj_0047
321,pbj,pbj_0048
322,pbj,pbj_0049
323,pbj,pbj_0050
324,pbj,pbj_0051
325,pbj,pbj_0052
326,pbj,pbj_0054
327,pbj,pbj_0055
328,pbj,pbj_0056
329,pbj,pbj_0057
330,pbj,pbj_0059
331,phone_battery,phone_battery_0001
332,phone_battery,phone_battery_0002
333,phone_battery,phone_battery_0003
334,phone_battery,phone_battery_0004
335,phone_battery,phone_battery_0006
336,phone_battery,phone_battery_0008
337,phone_battery,phone_battery_0010
338,phone_battery,phone_battery_0011
339,phone_battery,phone_battery_0013
340,phone_battery,phone_battery_0014
341,phone_battery,phone_battery_0015
342,phone_battery,phone_battery_0016
343,phone_battery,phone_battery_0017
344,phone_battery,phone_battery_0018
345,phone_battery,phone_battery_0019
346,phone_battery,phone_battery_0020
347,phone_battery,phone_battery_0021
348,phone_battery,phone_battery_0022
349,phone_battery,phone_battery_0023
350,phone_battery,phone_battery_0025
351,phone_battery,phone_battery_0026
352,phone_battery,phone_battery_0027
353,phone_battery,phone_battery_0028
354,phone_battery,phone_battery_0029
355,phone_battery,phone_battery_0031
356,phone_battery,phone_battery_0032
357,phone_battery,phone_battery_0033
358,phone_battery,phone_battery_0034
359,phone_battery,phone_battery_0035
360,phone_battery,phone_battery_0036
361,phone_battery,phone_battery_0037
362,phone_battery,phone_battery_0038
363,phone_battery,phone_battery_0039
364,phone_battery,phone_battery_0042
365,phone_battery,phone_battery_0043
366,phone_battery,phone_battery_0045
367,phone_battery,phone_battery_0046
368,phone_battery,phone_battery_0047
369,phone_battery,phone_battery_0048
370,phone_battery,phone_battery_0050
371,phone_battery,phone_battery_0051
372,phone_battery,phone_battery_0052
373,phone_battery,phone_battery_0053
374,phone_battery,phone_battery_0054
375,phone_battery,phone_battery_0055
376,phone_battery,phone_battery_0056
377,phone_battery,phone_battery_0057
378,phone_battery,phone_battery_0058
379,phone_battery,phone_battery_0059
380,repot,repot_0001
381,repot,repot_0042
382,repot,repot_0002
383,repot,repot_0044
384,repot,repot_0003
385,repot,repot_0045
386,repot,repot_0004
387,repot,repot_0050
388,repot,repot_0005
389,repot,repot_0051
390,repot,repot_0006
391,repot,repot_0052
392,repot,repot_0007
393,repot,repot_0053
394,repot,repot_0008
395,repot,repot_0054
396,repot,repot_0009
397,repot,repot_0055
398,repot,repot_0056
399,repot,repot_0057
400,repot,repot_0012
401,repot,repot_0058
402,repot,repot_0013
403,repot,repot_0059
404,repot,repot_0014
405,repot,repot_0015
406,repot,repot_0016
407,repot,repot_0017
408,repot,repot_0018
409,repot,repot_0020
410,repot,repot_0021
411,repot,repot_0022
412,repot,repot_0023
413,repot,repot_0026
414,repot,repot_0027
415,repot,repot_0029
416,repot,repot_0031
417,repot,repot_0032
418,repot,repot_0033
419,repot,repot_0036
420,repot,repot_0037
421,repot,repot_0038
422,repot,repot_0039
423,repot,repot_0040
424,repot,repot_0041
425,repot,repot_0046
426,repot,repot_0047
427,repot,repot_0048
428,repot,repot_0049
429,salmon,salmon_0001
430,salmon,salmon_0002
431,salmon,salmon_0003
432,salmon,salmon_0004
433,salmon,salmon_0007
434,salmon,salmon_0009
435,salmon,salmon_0010
436,salmon,salmon_0011
437,salmon,salmon_0012
438,salmon,salmon_0014
439,salmon,salmon_0015
440,salmon,salmon_0016
441,salmon,salmon_0017
442,salmon,salmon_0019
443,salmon,salmon_0021
444,salmon,salmon_0022
445,salmon,salmon_0023
446,salmon,salmon_0024
447,salmon,salmon_0025
448,salmon,salmon_0027
449,salmon,salmon_0028
450,salmon,salmon_0029
451,salmon,salmon_0030
452,salmon,salmon_0031
453,salmon,salmon_0032
454,salmon,salmon_0033
455,salmon,salmon_0035
456,salmon,salmon_0038
457,salmon,salmon_0039
458,salmon,salmon_0040
459,salmon,salmon_0041
460,tie,tie_0001
461,tie,tie_0002
462,tie,tie_0003
463,tie,tie_0004
464,tie,tie_0008
465,tie,tie_0010
466,tie,tie_0011
467,tie,tie_0012
468,tie,tie_0013
469,tie,tie_0015
470,tie,tie_0017
471,tie,tie_0019
472,tie,tie_0021
473,tie,tie_0022
474,tie,tie_0023
475,tie,tie_0025
476,tie,tie_0026
477,tie,tie_0028
478,tie,tie_0029
479,tie,tie_0030
480,tie,tie_0031
481,tie,tie_0032
482,tie,tie_0034
483,tie,tie_0035
484,tie,tie_0036
485,tie,tie_0037
486,tie,tie_0039
487,tie,tie_0040
488,tie,tie_0041
489,tie,tie_0042
490,tie,tie_0043
491,tie,tie_0044
492,tie,tie_0045
493,tie,tie_0046
494,tie,tie_0048
495,tie,tie_0049
496,tie,tie_0050
497,tie,tie_0051
498,tie,tie_0053
499,tie,tie_0054
500,tie,tie_0055
501,tie,tie_0056
502,tie,tie_0057
503,tie,tie_0058
504,tie,tie_0060
505,tie,tie_0063
506,tie,tie_0064
507,tie,tie_0066
508,tie,tie_0068
509,tie,tie_0069
510,toilet,toilet_0001
511,toilet,toilet_0003
512,toilet,toilet_0004
513,toilet,toilet_0007
514,toilet,toilet_0008
515,toilet,toilet_0009
516,toilet,toilet_0010
517,toilet,toilet_0011
518,toilet,toilet_0012
519,toilet,toilet_0013
520,toilet,toilet_0015
521,toilet,toilet_0016
522,toilet,toilet_0017
523,toilet,toilet_0018
524,toilet,toilet_0019
525,toilet,toilet_0020
526,toilet,toilet_0021
527,toilet,toilet_0023
528,toilet,toilet_0025
529,toilet,toilet_0026
530,toilet,toilet_0028
531,toilet,toilet_0029
532,toilet,toilet_0030
533,toilet,toilet_0031
534,toilet,toilet_0032
535,toilet,toilet_0033
536,toilet,toilet_0034
537,toilet,toilet_0036
538,toilet,toilet_0037
539,toilet,toilet_0038
540,toilet,toilet_0039
541,toilet,toilet_0040
542,toilet,toilet_0041
543,toilet,toilet_0043
544,toilet,toilet_0044
545,toilet,toilet_0046
546,toilet,toilet_0047
547,toilet,toilet_0048
548,toilet,toilet_0049
